Ind;Taxa;Sitio;Long_ex;Long_int;Diam_cor;Long_cor;Diam_in_cor;Ap_floral;Prof_nec;Long_est;Long_ant;Dist_ant_b;Dist_ext_b;r*100;c*100;t;r_aleat;c_aleat;t_aleat;Alloscirtetica_lanosa;Anthrenoides_sp;Apis_melifera;Caenohalictus_rostraticeps;Caenohalictus_cyanopygus;Caenohalictus_sp;Chilicola_mantagua;Chilicola_sp;Corynura_herbsti;Diadasia_chilensis;Dialictus_sp1;Dialictus_sp2;Liphantus_sp;Patagonas_gigas;Trichothurgus_dubius;Xenochilicola_diminuta;Alloscirtetica_lanosa_fix;Anthrenoides_sp_fix;Apis_melifera_fix;Caenohalictus_rostraticeps_fix;Caenohalictus_cyanopygus_fix;Caenohalictus_sp_fix;Chilicola_mantagua_fix;Chilicola_sp_fix;Corynura_herbsti_fix;Diadasia_chilensis_fix;Dialictus_sp1_fix;Dialictus_sp2_fix;Liphantus_sp_fix;Patagonas_gigas_fix;Trichothurgus_dubius_fix;Xenochilicola_diminuta_fix
1;E_chi;Los_Molles;31;26.07;40;20;12.81;13;0.85;16.88;8.68;2.85;0.68;3;12;68;-152;4;-173;0;0.57108081;0;-0.03131219;0;0;0;0.618461827;0.34745889;0;0;-0.202768866;2.2160587;0;0.1441067;0.9091047;0;20;0;2;0;0;0;12;1;0;0;1;65;0;4;1
2;E_chi;Los_Molles;42;36.9;36;26;11.77;23;1.37;23.44;14.6;8.11;5.06;3;11;70;158;-1;-110;0;0.802808051;0;0.6385895;0;0;0;-1.416459403;-0.30945468;0;0;-0.092062385;3.0515227;0;0.7802552;1.3626599;0;20;0;2;0;0;0;12;1;0;0;1;65;0;4;1
3;E_chi;Los_Molles;36;32.31;30;25;12.77;16;1.47;21.37;13.57;5.66;3.39;2;6;69;46;-9;316;0;0.717915224;0;-0.23073778;0;0;0;-0.011318111;-0.31247161;0;0;0.358506995;1.9313562;0;0.9116713;0.7921629;0;20;0;2;0;0;0;12;1;0;0;1;65;0;4;1
4;E_chi;Los_Molles;37;34.05;53;31;17.33;28;2.08;24.06;12.47;8.09;4.14;2;12;65;64;-12;511;0;0.852927724;0;-0.04709792;0;0;0;-0.887460777;0.34955288;0;0;0.285442325;3.2755165;0;-0.5902875;0.5162482;0;20;0;2;0;0;0;12;1;0;0;1;65;0;4;1
5;E_chi;Los_Molles;36;31.89;39;29;16.71;16;1.51;20.52;9.43;7.41;4.37;2;9;57;26;17;81;0;-0.717289444;0;-0.46512014;0;0;0;-0.001259617;-0.39154594;0;0;-0.009090369;4.12814;0;0.1796999;-3.3057916;0;20;0;2;0;0;0;12;1;0;0;1;65;0;4;1
6;E_chi;Los_Molles;39;30.38;54;28;16.54;16;1.85;20.06;8.99;6.64;4.16;3;14;59;-1;11;119;0;0.436315185;0;0.57376968;0;0;0;0.461910711;0.93306457;0;0;0.10589968;0.5134162;0;-0.2998181;1.3697907;0;20;0;2;0;0;0;12;1;0;0;1;65;0;4;1
7;E_chi;Los_Molles;35;32.51;41;19;15.45;16;1.34;21.48;12.11;5.74;4.4;2;4;75;59;3;-163;0;2.596268768;0;-0.10584511;0;0;0;-0.567493683;-0.30821617;0;0;-0.193397297;2.9550621;0;0.4271207;-0.3538539;0;20;0;2;0;0;0;12;1;0;0;1;65;0;4;1
8;E_chi;Los_Molles;32;26.74;24;20;16.37;15;1.54;20.71;11.35;5.28;4.2;3;14;62;17;27;304;0;1.446885704;0;0.45340628;0;0;0;0.002827361;-0.05328943;0;0;0.032301188;4.0941977;0;0.256518;1.313368;0;20;0;2;0;0;0;12;1;0;0;1;65;0;4;1
9;E_chi;Los_Molles;35.14;28.61;37.7;22.76;13.37;12.86;2.14;19.91;11.27;6.92;2.69;3;10;64;-115;-4;89;0;1.03848986;0;-0.23950986;0;0;0;1.001152896;0.06760079;0;0;0.005700003;0.6966366;0;0.6785899;-0.7774371;0;20;0;2;0;0;0;12;1;0;0;1;65;0;4;1
10;E_chi;Los_Molles;37.44;28.54;35.99;23.04;16;10.4;2.55;20.78;7.93;5.61;2.9;3;6;68;39;1;26;0;0.588586925;0;0.12935508;0;0;0;0.351876312;0.07615922;0;0;0.208715436;2.75459;0;0.2211227;-1.1383697;0;20;0;2;0;0;0;12;1;0;0;1;65;0;4;1
11;E_chi;Los_Molles;38.08;33.78;37.69;24.44;15.72;18.37;2.12;16.03;13.64;6.58;2.79;3;5;70;12;33;111;0;0.009903769;0;0.10279744;0;0;0;2.277943902;-0.06358194;0;0;-0.119908046;1.2953039;0;0.9509055;0.4020447;0;20;0;2;0;0;0;12;1;0;0;1;65;0;4;1
12;E_chi;Los_Molles;41.89;27.04;38.48;29.96;17.7;13.95;2.22;20.71;9.82;5.68;3.31;3;12;72;71;15;494;0;0.757804917;0;0.35296767;0;0;0;0.769925579;-0.43229445;0;0;-0.149804443;3.650349;0;0.8180014;0.8406824;0;20;0;2;0;0;0;12;1;0;0;1;65;0;4;1
13;E_chi;Los_Molles;35.33;27.22;39.78;21.94;14.34;17.21;1.92;19.4;11.18;5.24;4.08;3;5;71;10;-6;200;0;1.506927632;0;0.45825493;0;0;0;0.79813693;0.13311174;0;0;0.288175406;1.8243177;0;-0.385229;1.9423211;0;20;0;2;0;0;0;12;1;0;0;1;65;0;4;1
14;E_chi;Los_Molles;36.6;28.63;42.73;25.82;16.61;11.53;2.02;19.48;8.9;4.53;2.42;2;14;61;162;-3;331;0;0.415877972;0;0.25899381;0;0;0;1.676901297;0.63889829;0;0;0.095495314;1.9442523;0;-0.1260812;-0.2070131;0;20;0;2;0;0;0;12;1;0;0;1;65;0;4;1
15;E_chi;Los_Molles;41.23;35.01;32.46;24.83;18.19;18.68;1.83;20.89;10.93;6.38;4.07;2;4;70;-76;34;-51;0;0.941601907;0;0.40639478;0;0;0;0.75061852;0.78150287;0;0;0.134028026;1.0440472;0;-0.5799912;0.8203149;0;20;0;2;0;0;0;12;1;0;0;1;65;0;4;1
16;E_chi;Los_Molles;36.81;30.31;35.54;26.87;14.43;17.67;1.97;20.95;12.72;7.92;4.29;2;13;72;77;13;56;0;-0.496839872;0;-0.02202989;0;0;0;-0.199923237;0.7007476;0;0;-0.27073558;2.986509;0;-0.4013335;-0.4895228;0;20;0;2;0;0;0;12;1;0;0;1;65;0;4;1
17;E_chi;Los_Molles;37.47;34.14;54.24;27.91;17.72;15.14;2.05;20.61;8.11;5.56;2.93;2;15;65;-140;1;69;0;-0.24916276;0;0.12340685;0;0;0;-1.338120929;-0.92574254;0;0;-0.019356659;2.0231319;0;1.0667824;-1.8687355;0;20;0;2;0;0;0;12;1;0;0;1;65;0;4;1
18;E_chi;Los_Molles;32.78;26.73;33.35;21.84;17.12;11.03;2.33;18.25;6.88;4.3;2.37;3;11;63;-15;31;383;0;1.983647004;0;0.19993017;0;0;0;1.386047425;-0.25008706;0;0;0.314169166;4.4362274;0;-0.3410193;2.0002156;0;20;0;2;0;0;0;12;1;0;0;1;65;0;4;1
19;E_chi;Los_Molles;48.78;40.25;45;33.42;16.5;12.1;2.45;20.63;14.58;7.18;3.36;3;3;77;97;-4;-175;0;1.148204075;0;-0.24349901;0;0;0;-0.333094386;0.25503647;0;0;-0.142159928;3.5837515;0;-0.2317776;2.1687774;0;20;0;2;0;0;0;12;1;0;0;1;65;0;4;1
20;E_chi;Los_Molles;45.26;35.67;36.73;31.17;15.6;13.73;1.52;21.96;12.91;5.88;3.44;2;8;66;129;-14;-68;0;1.708575832;0;0.08019257;0;0;0;1.247707183;0.15224685;0;0;0.167048496;3.3342;0;-0.9606025;-1.5725485;0;20;0;2;0;0;0;12;1;0;0;1;65;0;4;1
21;E_chi;Los_Molles;35.7;25.75;46.37;26.23;15.22;13.54;2.12;18.98;8.98;5.4;2.57;2;3;74;-16;-10;-70;0;1.106155132;0;-0.13572195;0;0;0;0.293660679;0.24290286;0;0;0.16631743;3.2921963;0;1.6691748;-1.613653;0;20;0;2;0;0;0;12;1;0;0;1;65;0;4;1
22;E_chi;Los_Molles;35.17;32.24;32.26;25.95;16.1;12.78;1.9;20.07;14.23;4.78;1.04;3;5;66;85;18;516;0;-0.052428791;0;-0.34133381;0;0;0;2.605747241;0.25542673;0;0;-0.014711342;3.3403395;0;-1.2181134;0.713758;0;20;0;2;0;0;0;12;1;0;0;1;65;0;4;1
23;E_chi;Los_Molles;35.54;34.54;41.43;27.84;14.29;10.47;1.92;23.12;9.27;7.78;4.34;3;14;66;137;10;-27;0;1.148537738;0;0.68815525;0;0;0;1.917585926;-0.57933886;0;0;-0.084121176;2.0765812;0;0.4627566;-2.6576933;0;20;0;2;0;0;0;12;1;0;0;1;65;0;4;1
24;E_chi;Los_Molles;38.52;31.19;42.98;28.27;13.9;13.85;1.7;21.21;8.64;4.26;2.28;2;8;71;52;-5;-136;0;1.737206636;0;-0.60400638;0;0;0;0.594626354;-0.30768711;0;0;0.136316626;4.5522964;0;0.5675482;-0.1668299;0;20;0;2;0;0;0;12;1;0;0;1;65;0;4;1
25;E_albi;Pichidangui;49.49;47.35;31.47;31.01;19.9;19.9;2.89;28.73;14.06;7.69;4.39;7;13;112;1;7;475;0;1.9930819;-2.52436754;0.247498489;0;0;0;0.4598727;0.34164008;0;-0.5074409;0;1.3166494;0;0.18781651;0;0;38;3;1;0;0;0;1;1;0;2;0;82;0;1;0
26;E_albi;Pichidangui;51.12;49.41;50.26;32.73;17.93;15.45;1.97;31.3;18.41;9.01;5.68;6;10;74;77;30;-25;0;1.8245133;0.11514645;0.199838778;0;0;0;0.11783286;1.75684258;0;-0.01236959;0;3.407212;0;0.161054014;0;0;38;3;1;0;0;0;1;1;0;2;0;82;0;1;0
27;E_albi;Pichidangui;43.73;39.29;41.73;29.14;18.39;11.15;1.38;26.14;10.88;5.94;4.58;2;5;95;82;-3;534;0;1.7702875;-0.36084383;-0.058572624;0;0;0;-0.62755536;0.43692645;0;-0.16658377;0;3.0139313;0;-0.187493589;0;0;38;3;1;0;0;0;1;1;0;2;0;82;0;1;0
28;E_albi;Pichidangui;43.86;39.8;34.54;29.6;18.35;13.53;1.24;24.74;11.16;4.48;2.65;0;0;98;119;31;145;0;0.1739903;-2.87844387;0.104738147;0;0;0;0.39931699;-1.31551339;0;0.12719036;0;5.6558053;0;-0.16579691;0;0;38;3;1;0;0;0;1;1;0;2;0;82;0;1;0
29;E_albi;Pichidangui;49.91;48.92;54.09;35.38;19.31;42.71;1.46;26.89;13.4;7.56;5.6;6;-2;46;-60;-3;-13;0;1.9346898;-0.89335743;0.35373234;0;0;0;-0.32918264;-1.79049842;0;-0.34714995;0;2.775606;0;-0.211452708;0;0;38;3;1;0;0;0;1;1;0;2;0;82;0;1;0
30;E_albi;Pichidangui;47.22;46.01;47.67;28.81;16.98;34.33;2.73;28.88;10.68;9.02;6.25;-1;11;82;0;0;528;0;-0.5087393;-0.30556155;-0.03065438;0;0;0;-0.07435722;0.60387464;0;1.326215;0;1.1424354;0;0.249475862;0;0;38;3;1;0;0;0;1;1;0;2;0;82;0;1;0
31;E_albi;Pichidangui;49.4;45.28;44.58;31.3;15.56;22.17;2.03;21.52;9.79;9.92;6.25;-1;8;92;-45;28;307;0;0.4918234;0.07638897;-0.051197455;0;0;0;0.1301062;1.54722575;0;0.1611786;0;2.7940212;0;-0.073323451;0;0;38;3;1;0;0;0;1;1;0;2;0;82;0;1;0
32;E_albi;Pichidangui;36.65;33.64;35.47;24.24;12.73;18.41;1.08;22.41;9.72;3.62;2.23;3;13;131;155;5;-95;0;-0.7962222;-2.14446835;-0.043592535;0;0;0;-0.15482074;2.59614642;0;-0.1698937;0;2.869201;0;0.06894713;0;0;38;3;1;0;0;0;1;1;0;2;0;82;0;1;0
33;E_albi;Pichidangui;45.85;40.48;41.9;27.41;21.62;23.6;1.82;27.83;9.53;6.83;3.05;5;-2;116;-25;2;-188;0;1.8995742;-1.89292719;-0.011789218;0;0;0;-0.52607972;1.19136309;0;0.32603188;0;3.3733041;0;0.053414747;0;0;38;3;1;0;0;0;1;1;0;2;0;82;0;1;0
34;E_albi;Pichidangui;42.99;35.58;40.73;25.62;16.82;18.97;1.38;22.12;12.98;6.32;3.09;0;10;79;148;-12;216;0;1.1917423;2.61917118;0.241732646;0;0;0;0.41202043;1.29091346;0;0.01978663;0;1.9243796;0;0.112979558;0;0;38;3;1;0;0;0;1;1;0;2;0;82;0;1;0
35;E_albi;Pichidangui;44.69;37.89;52.46;28.84;19.24;17.77;1.76;24.9;10.38;5.84;4.46;0;13;58;73;3;-21;0;1.2102557;-1.1665908;0.148446745;0;0;0;0.39658597;-2.63292093;0;-0.12484845;0;3.7753665;0;0.002871843;0;0;38;3;1;0;0;0;1;1;0;2;0;82;0;1;0
36;E_albi;Pichidangui;54.72;47.45;50.19;38.76;27.19;14.4;1.47;28.48;17.13;8.19;6.08;0;6;105;-123;-12;10;0;1.5044527;-2.25428499;0.170585371;0;0;0;0.36663449;1.29352779;0;0.37854453;0;3.7942105;0;0.086266699;0;0;38;3;1;0;0;0;1;1;0;2;0;82;0;1;0
37;E_albi;Pichidangui;39.16;27.17;40.19;25.4;18.12;6.8;1.43;21.73;11.32;4.03;1.6;4;9;123;131;-2;231;0;0.3112699;-4.12805428;0.078121422;0;0;0;-0.15575585;-1.15896938;0;0.29482916;0;2.6284567;0;-0.053106956;0;0;38;3;1;0;0;0;1;1;0;2;0;82;0;1;0
38;E_albi;Pichidangui;42.16;35.26;43.65;30.71;23.32;15.16;2.35;20.61;19.14;6.57;2.06;2;13;134;129;4;136;0;3.3552713;5.42091428;0.092159197;0;0;0;0.19298578;-1.5556335;0;0.29473955;0;1.6489398;0;0.223795665;0;0;38;3;1;0;0;0;1;1;0;2;0;82;0;1;0
39;E_albi;Pichidangui;50.11;37.77;50.09;34.69;27.24;15.71;1.57;24.01;16.32;4.29;1.79;1;-1;126;4;2;-126;0;2.1021988;3.20753424;0.320840594;0;0;0;0.11222712;0.80698366;0;-0.17679123;0;4.4091407;0;-0.111344498;0;0;38;3;1;0;0;0;1;1;0;2;0;82;0;1;0
40;E_albi;Pichidangui;53.35;41.81;54.21;33.72;27.79;16.51;1.39;27.14;19.22;8.27;4.84;1;4;58;-12;19;-101;0;2.858222;2.46310812;-0.0898369;0;0;0;0.45685197;-0.66384796;0;0.1395403;0;2.2905776;0;-0.015844779;0;0;38;3;1;0;0;0;1;1;0;2;0;82;0;1;0
41;E_albi;Pichidangui;44.16;34.37;52.49;26.85;25.64;12.02;1.81;22.97;10.76;8.26;4.98;3;-1;123;-24;10;445;0;-0.4765753;0.71186642;0.108011294;0;0;0;-0.25657873;-0.63664957;0;0.17329154;0;5.8749973;0;0.135836856;0;0;38;3;1;0;0;0;1;1;0;2;0;82;0;1;0
42;E_albi;Pichidangui;45.37;38.4;47;30.96;28.15;15.02;1.61;22.48;13.59;4.98;1.5;6;13;27;109;20;51;0;2.1954611;-2.29675675;-0.130632173;0;0;0;0.05904064;0.72766284;0;0.12395654;0;0.8651377;0;0.239457777;0;0;38;3;1;0;0;0;1;1;0;2;0;82;0;1;0
43;E_albi;Pichidangui;42.71;36.27;40.95;26.26;21.72;13.21;1.97;25.98;13.04;4.36;2.27;7;8;130;-7;-14;-225;0;0.4474326;-0.90368123;-0.069245978;0;0;0;-0.25372265;0.57644948;0;0.41393672;0;4.4350067;0;0.021085052;0;0;38;3;1;0;0;0;1;1;0;2;0;82;0;1;0
44;E_albi;Pichidangui;43.9;34.11;31.7;26.05;17.06;7.45;2.44;26.33;11.78;7.18;4.47;3;-1;116;-70;29;144;0;0.9785317;3.05182431;0.065319149;0;0;0;0.1180547;-0.42333238;0;0.73476502;0;3.9991118;0;0.056210423;0;0;38;3;1;0;0;0;1;1;0;2;0;82;0;1;0
45;E_albi;Pichidangui;42.94;42.33;33.09;27.55;20.51;12.16;2.22;27.52;13.91;8.53;4.77;2;11;94;-132;-5;-225;0;0.7600271;1.13683452;-0.238294189;0;0;0;-0.3358195;-0.01345343;0;0.47343826;0;5.1000747;0;-0.157697253;0;0;38;3;1;0;0;0;1;1;0;2;0;82;0;1;0
46;E_albi;Pichidangui;50.03;45.88;43.22;31.3;22.87;17.11;2.43;24.75;13.1;6.92;4.48;3;2;86;-90;17;381;0;4.1350066;3.70247031;-0.234821859;0;0;0;-0.22954349;2.31439892;0;-0.24609019;0;4.5943581;0;0.135044674;0;0;38;3;1;0;0;0;1;1;0;2;0;82;0;1;0
47;E_albi;Pichidangui;46.4;43.43;37.65;29.28;25.31;8.11;2.79;27.46;13.84;7.46;4.11;0;10;41;-100;-5;523;0;0.7376328;2.44250158;-0.003542633;0;0;0;-0.05110325;0.04620905;0;-0.58831202;0;4.0534613;0;-0.083922255;0;0;38;3;1;0;0;0;1;1;0;2;0;82;0;1;0
48;E_albi;Pichidangui;47.07;38.97;43.45;31.53;23.04;11.22;2.19;30.76;14.73;7.49;4.44;-1;7;48;-150;10;434;0;2.1870315;2.27465141;-0.059123804;0;0;0;0.11407503;-2.71402938;0;-0.65711561;0;2.4031;0;0.142621179;0;0;38;3;1;0;0;0;1;1;0;2;0;82;0;1;0
49;E_albi;Pichidangui;43.1;40.92;50.79;29.1;22.18;10.97;2.95;26.31;11.51;7.96;5.44;0;8;92;37;-9;-77;0;2.6780652;-0.99889492;-0.081534835;0;0;0;0.13148043;-0.76042741;0;0.0514941;0;0.1231194;0;0.06808235;0;0;38;3;1;0;0;0;1;1;0;2;0;82;0;1;0
50;E_albi;Pichidangui;41.26;36.91;27.04;28.02;19.83;17.58;2.87;30.89;14.19;8.55;4.91;2;2;136;126;-8;383;0;3.0409754;-1.47417907;-0.02818559;0;0;0;0.52743382;-0.86488844;0;-0.04234277;0;3.7323957;0;0.115022058;0;0;38;3;1;0;0;0;1;1;0;2;0;82;0;1;0
51;E_mut;Chivato;55.91;39.46;56.33;34.02;23.4;19.38;1.08;24.58;15.15;8.08;3.96;-73;21;-143;122;32;-226;-0.63629182;4.30943312;0;0;0;-0.31759766;-0.1849882;0.75167004;0;0.4902412;0.99040612;0;0.06317442;0;0.39262512;0;3;93;0;0;0;7;8;13;0;1;40;0;30;0;8;0
52;E_mut;Chivato;60.09;45.87;43.51;37.38;21.93;18.07;1.92;27.88;17.86;13.11;7.49;50;34;98;96;12;210;-1.05554524;2.40779037;0;0;0;-0.94483205;1.3816028;-0.16557293;0;0.86959847;0.77033422;0;3.03957742;0;2.9767681;0;3;93;0;0;0;7;8;13;0;1;40;0;30;0;8;0
53;E_mut;Chivato;43.85;34.55;36.3;26.93;17.67;14.52;1.88;21.62;12.1;9.49;7.28;6;-2;-169;163;8;388;1.35601864;4.65040882;0;0;0;0.91031616;0.6612566;0.51560343;0;0.13093659;0.14015107;0;1.9299206;0;-3.64627696;0;3;93;0;0;0;7;8;13;0;1;40;0;30;0;8;0
54;E_mut;Chivato;40.52;33.53;38.53;27.08;21.26;16.12;1.4;23.24;11.31;6.65;3.67;157;-11;168;73;-10;547;-1.82851576;3.30613725;0;0;0;-0.14812901;-0.1513424;-0.03561057;0;0.02352583;0.44371373;0;0.38643126;0;2.27259715;0;3;93;0;0;0;7;8;13;0;1;40;0;30;0;8;0
55;E_mut;Chivato;52.99;47.47;35.2;31.51;19.47;12.62;3.07;30.77;14.14;10.83;6.59;-9;25;232;121;-2;142;1.65565352;1.30839024;0;0;0;0.53972362;0.4450099;-0.72256133;0;-2.3009872;0.26592469;0;2.63201188;0;-2.14786448;0;3;93;0;0;0;7;8;13;0;1;40;0;30;0;8;0
56;E_mut;Chivato;37.98;33.04;23.15;22.25;19.44;6.97;3.18;26.22;9.77;9;6.05;153;-9;57;66;10;71;-0.80213915;3.37220393;0;0;0;0.73566997;-0.4272896;0.10893525;0;0.29071479;0.53904716;0;2.10292053;0;-0.07828127;0;3;93;0;0;0;7;8;13;0;1;40;0;30;0;8;0
57;E_mut;Chivato;40.62;36.06;39.68;43.29;28.34;19.95;4.18;28;11.33;7.46;3.34;-24;5;524;-151;7;464;0.55455503;3.16389369;0;0;0;0.86272969;-0.102262;1.58575201;0;0.44030143;0.91584771;0;1.34486229;0;1.76246705;0;3;93;0;0;0;7;8;13;0;1;40;0;30;0;8;0
58;E_mut;Chivato;51.83;46.91;50.83;38.66;23.2;18.18;3.11;25.86;14.17;8.82;6.95;-108;9;214;-145;-6;321;0.31040555;1.31207592;0;0;0;-0.91935288;0.2521586;-0.38199205;0;0.51763449;1.22913729;0;0.03482205;0;-1.47871543;0;3;93;0;0;0;7;8;13;0;1;40;0;30;0;8;0
59;E_mut;Chivato;41.12;39.67;30.92;34.51;21.28;8.25;4.66;23.72;16.37;9.16;6.05;-90;18;-116;82;3;99;0.87643231;2.07984933;0;0;0;0.46415685;0.4259096;-0.33402726;0;-0.17026633;0.06703436;0;2.17354902;0;2.31382674;0;3;93;0;0;0;7;8;13;0;1;40;0;30;0;8;0
60;E_mut;Chivato;43.82;35.92;38.16;31.11;21.23;13;4.88;25.56;12.98;10.92;6.73;44;-12;546;11;17;373;0.08927855;2.08008697;0;0;0;0.02780145;-1.6813118;1.24244168;0;0.44129313;1.55161729;0;1.94533475;0;4.6869668;0;3;93;0;0;0;7;8;13;0;1;40;0;30;0;8;0
61;E_mut;Chivato;43.23;33.7;31.61;30.32;21.09;10.47;2.5;23.48;14.19;7.42;5.95;133;-14;115;21;-8;360;-0.73517622;3.79446678;0;0;0;-0.2861795;-0.2925899;-0.84251176;0;1.41261637;1.04713807;0;1.51598776;0;0.69398688;0;3;93;0;0;0;7;8;13;0;1;40;0;30;0;8;0
62;E_mut;Chivato;43.19;33.2;39.79;29.57;20.17;22.84;2.04;22;8.31;7.18;4.71;134;27;383;-55;34;215;-0.98785542;2.61207579;0;0;0;0.76202937;-0.9055115;0.93300479;0;0.35632699;1.93824308;0;-1.95651423;0;-1.28635916;0;3;93;0;0;0;7;8;13;0;1;40;0;30;0;8;0
63;E_mut;Chivato;44.93;38.77;44.54;29.85;17.88;21.21;2.47;22.92;17.13;11.3;6.38;-41;11;-40;-147;13;46;0.14492932;4.29681809;0;0;0;0.05430427;0.4132519;0.97682001;0;0.07926902;1.24290775;0;0.15710395;0;2.30507675;0;3;93;0;0;0;7;8;13;0;1;40;0;30;0;8;0
64;E_mut;Chivato;46.35;35.62;48.25;28.53;20.93;14.21;3.01;26.48;10.78;8.16;6.38;4;16;-21;162;15;-38;1.40220458;2.19648568;0;0;0;0.23118237;-0.4688718;0.6972902;0;-0.19145629;-0.06480194;0;0.68646141;0;-0.52617688;0;3;93;0;0;0;7;8;13;0;1;40;0;30;0;8;0
65;E_mut;Chivato;43.92;34.55;24.45;31.37;20.41;12.7;2.85;23.4;10.31;2.82;6.04;156;21;377;121;7;370;-0.05689075;2.95669622;0;0;0;0.81882726;-0.355455;0.21583573;0;1.13997561;1.91183781;0;1.20421346;0;-2.02856623;0;3;93;0;0;0;7;8;13;0;1;40;0;30;0;8;0
66;E_mut;Chivato;50.28;41.32;60.92;36.11;26.18;36.05;2.48;20.98;14.5;5.45;3.82;125;14;279;-133;-9;-149;-0.17145457;1.71231325;0;0;0;0.41464089;0.4093252;0.47206319;0;0.28564662;2.63120297;0;0.22336617;0;0.62149076;0;3;93;0;0;0;7;8;13;0;1;40;0;30;0;8;0
67;E_mut;Chivato;48.97;37.72;45.9;33.56;22.78;29.61;2.91;28.24;12.78;10.28;6.52;-145;-13;-96;38;-4;-136;0.76265695;1.5838099;0;0;0;-0.01694389;-0.1826261;0.43159472;0;-0.99825429;1.68006541;0;1.48612479;0;-1.20661336;0;3;93;0;0;0;7;8;13;0;1;40;0;30;0;8;0
68;E_mut;Chivato;44.39;35.67;48.18;29.91;26.44;27.59;2.7;27.75;11.89;7.53;3.76;-96;5;518;-124;5;456;3.07958782;3.31324166;0;0;0;2.41682351;1.5016934;-0.54903874;0;-0.39261811;1.80921317;0;0.61764144;0;1.78083934;0;3;93;0;0;0;7;8;13;0;1;40;0;30;0;8;0
69;E_mut;Chivato;50.44;45.73;39.24;30.92;22.2;22.53;3.88;26.73;13.68;9.02;5.75;-117;9;363;28;-8;25;-0.78479823;3.57646241;0;0;0;0.35459162;0.103438;0.4437052;0;-0.69924466;2.20594254;0;0.12578572;0;-1.37536835;0;3;93;0;0;0;7;8;13;0;1;40;0;30;0;8;0
70;E_mut;Chivato;37.9;29.88;36.75;24.59;21.48;23.63;2.47;19.84;6.64;7.5;6.08;114;15;368;-94;21;525;-1.03846946;3.49928268;0;0;0;0.46882173;1.2369236;-0.10245733;0;0.67649531;1.58169709;0;1.55040311;0;-1.36788272;0;3;93;0;0;0;7;8;13;0;1;40;0;30;0;8;0
71;E_mut;Chivato;42.26;38.01;28.15;29.65;17.37;12.8;2.8;27.91;10.67;8.68;5.51;18;21;67;45;-3;-34;2.06102224;1.64443268;0;0;0;1.36735465;0.8826168;1.03752433;0;0.1406841;0.26133154;0;-0.46663342;0;0.28195773;0;3;93;0;0;0;7;8;13;0;1;40;0;30;0;8;0
72;E_mut;Chivato;44.97;35.58;41.79;31.89;19.17;25.65;2.53;26.26;12.08;8.15;5.83;-40;7;490;-38;3;235;0.74157518;2.79630842;0;0;0;0.99496315;1.0824653;1.15165449;0;0.35008756;1.44312562;0;2.09557883;0;0.5053576;0;3;93;0;0;0;7;8;13;0;1;40;0;30;0;8;0
73;E_mut;Chivato;54.1;52.25;67.45;38.86;27.2;24.1;2.06;28.07;16.65;7.19;5.35;30;21;486;-94;-9;149;-0.44647642;2.38491553;0;0;0;0.29338948;1.0945312;0.76486651;0;0.87901545;1.66315881;0;-1.09735799;0;0.94589524;0;3;93;0;0;0;7;8;13;0;1;40;0;30;0;8;0
74;E_mut;Chivato;49.18;36.81;51.36;35.31;20.98;23.53;2.98;22.73;12.32;6.98;5.6;79;1;498;-15;33;-166;-0.32875119;0.88360951;0;0;0;-1.14934091;1.5143996;0.34936776;0;1.12378056;2.48144537;0;1.400683;0;2.70351876;0;3;93;0;0;0;7;8;13;0;1;40;0;30;0;8;0
75;E_mut;Chivato;40.3;35.13;43.64;29.29;22;17.52;2.17;28.33;11.32;7.45;4.84;-27;26;26;163;33;428;-0.58117415;3.53846229;0;0;0;1.01267777;-0.7845532;0.80565588;0;-0.39409562;0.96710721;0;-1.06567429;0;-1.28385926;0;3;93;0;0;0;7;8;13;0;1;40;0;30;0;8;0
76;E_mut;Chivato;45.58;38.7;47.24;29.61;25.68;22.49;2.41;22.4;14.95;10.99;7.18;71;15;266;49;32;447;-1.89784939;2.20799054;0;0;0;-0.5869288;0.300002;0.42746212;0;-1.54069915;0.66425562;0;0.83577545;0;-0.95959148;0;3;93;0;0;0;7;8;13;0;1;40;0;30;0;8;0
77;E_mut;Chivato;43.15;41.29;46.88;29.21;24.32;26.15;2.16;23.93;14.38;9.34;6.31;147;-3;240;-72;-11;-130;0.3912038;2.41729795;0;0;0;0.5188091;-0.15175;0.38395315;0;-1.72416364;0.33199051;0;1.3470818;0;0.16508501;0;3;93;0;0;0;7;8;13;0;1;40;0;30;0;8;0
78;E_mut;Chivato;40.53;37.5;48.38;27.48;26.01;16.4;2.26;24.15;16.64;8.48;5.69;84;27;50;-112;4;-123;-0.01004073;2.49122518;0;0;0;-0.42937531;1.0195625;1.12387302;0;0.24898713;2.30424086;0;1.51699294;0;0.66813103;0;3;93;0;0;0;7;8;13;0;1;40;0;30;0;8;0
79;E_mut;Chivato;35.99;36.37;30.11;23.54;16.91;9;2.07;25.97;11.39;9.23;5.33;-68;27;310;94;9;286;0.58015544;3.34355449;0;0;0;-1.01860931;0.1228492;1.50375985;0;2.21916206;1.61533168;0;-0.21752991;0;1.56813135;0;3;93;0;0;0;7;8;13;0;1;40;0;30;0;8;0
80;E_mut;Chivato;40.31;32.39;36.45;25.87;22.42;9.99;2.27;22.11;13.17;9.09;5.21;106;-5;-70;121;-7;90;1.13470583;3.51723354;0;0;0;0.06007675;-0.399166;-0.36151413;0;-2.01736381;-0.35405753;0;1.00010459;0;-0.93631038;0;3;93;0;0;0;7;8;13;0;1;40;0;30;0;8;0
81;E_mut;Chivato;34.09;31.1;29.93;17.18;17.04;8.61;1.76;21.47;10.36;8.3;5.29;-66;26;367;86;-1;92;-0.38388281;3.76522858;0;0;0;0.90782183;0.7160023;0.04179628;0;-0.94247933;0.61274177;0;1.44779493;0;0.79620609;0;3;93;0;0;0;7;8;13;0;1;40;0;30;0;8;0
82;E_mut;Chivato;37.73;32.46;42.05;26.16;24.89;10.31;2.6;25.47;11.75;8.57;5.49;142;26;114;-94;8;505;-0.55336326;-0.03940743;0;0;0;-0.41986003;1.6640675;0.86785583;0;1.32827592;2.04648968;0;2.31509433;0;-2.40804917;0;3;93;0;0;0;7;8;13;0;1;40;0;30;0;8;0
83;E_mut;Chivato;44.81;42.11;40.79;32.14;20.46;11.66;1.98;25.12;12.95;6.45;3.11;128;-2;281;19;-5;487;-0.61938029;4.70946321;0;0;0;-0.67758514;-0.1081243;0.17737078;0;-1.31589382;2.36804374;0;0.6979858;0;4.17588816;0;3;93;0;0;0;7;8;13;0;1;40;0;30;0;8;0
84;E_mut;Chivato;37.65;35.34;22.39;26.52;16.13;6.52;3.13;23.32;13.35;7.55;4.37;58;18;49;85;24;191;0.77767009;1.8077634;0;0;0;-0.30197698;-1.0312243;-0.51457015;0;0.24295363;0.69813551;0;-1.07307386;0;-2.8869005;0;3;93;0;0;0;7;8;13;0;1;40;0;30;0;8;0
85;E_lit;Pichidangui;49.22;44.91;39.44;22.65;13.82;7.79;5.06;35.71;22.87;9.26;3.78;14;3;55;92;13;307;0;0;0;-0.38637982;-0.097051381;0;0;0;0;0;-0.8576378;0;0;0.565013795;0;0;0;0;0;3;1;0;0;0;0;0;8;0;0;52;0;0
86;E_lit;Pichidangui;40.8;39.64;29.78;24.07;9.78;8.34;3.74;29.05;15.6;6.14;3;-1;7;49;44;6;261;0;0;0;0.23379966;0.006395081;0;0;0;0;0;3.8764486;0;0;0.974546805;0;0;0;0;0;3;1;0;0;0;0;0;8;0;0;52;0;0
87;E_lit;Pichidangui;48.27;45.66;40.74;23.75;12.65;7.77;4.2;38.58;21.57;9.36;4.63;10;6;32;-112;30;426;0;0;0;-0.26502122;0.046073529;0;0;0;0;0;3.4974021;0;0;1.188356384;0;0;0;0;0;3;1;0;0;0;0;0;8;0;0;52;0;0
88;E_lit;Pichidangui;40.61;40.24;37.41;25.38;11.44;6.92;3.2;35.55;20.93;7.43;3.42;-3;7;64;80;-12;-83;0;0;0;0.31246253;-0.292329181;0;0;0;0;0;3.64576;0;0;2.26851368;0;0;0;0;0;3;1;0;0;0;0;0;8;0;0;52;0;0
89;E_lit;Pichidangui;54.61;52.13;44.82;30.76;18.49;10;3.44;39.59;19.83;10.99;5.18;-2;4;43;-63;28;181;0;0;0;-0.14988603;0.025082333;0;0;0;0;0;7.7989675;0;0;0.750717253;0;0;0;0;0;3;1;0;0;0;0;0;8;0;0;52;0;0
90;E_lit;Pichidangui;47.68;43.11;28;24.34;13.43;8.25;4.94;30.37;22.97;10.41;6.19;-1;6;12;-112;28;344;0;0;0;0.04226259;0.209277211;0;0;0;0;0;-6.1371228;0;0;0.594737618;0;0;0;0;0;3;1;0;0;0;0;0;8;0;0;52;0;0
91;E_lit;Pichidangui;47.39;45.34;37.98;27.81;12.99;11.08;6.5;32.69;22.7;10.24;3.95;11;2;120;3;32;401;0;0;0;0.22595055;0.054966765;0;0;0;0;0;-0.6736636;0;0;1.078753183;0;0;0;0;0;3;1;0;0;0;0;0;8;0;0;52;0;0
92;E_lit;Pichidangui;50.91;45.11;36.47;26.56;10.16;7.14;4.54;38.52;28.55;9.29;5.6;10;6;95;-134;14;546;0;0;0;-0.13274808;-0.055278528;0;0;0;0;0;-3.6670477;0;0;1.36806609;0;0;0;0;0;3;1;0;0;0;0;0;8;0;0;52;0;0
93;E_lit;Pichidangui;36.47;34.74;35.92;21.39;10.55;10.54;4.59;28.19;22.3;8.62;4.74;5;4;68;155;14;128;0;0;0;0.13713282;-0.041639061;0;0;0;0;0;0.7814165;0;0;0.522925975;0;0;0;0;0;3;1;0;0;0;0;0;8;0;0;52;0;0
94;E_lit;Pichidangui;43.5;38.61;32.89;28.06;11.18;7.81;3.91;27.24;20.1;8.76;5.49;7;5;20;64;-4;283;0;0;0;-0.12319091;-0.29225834;0;0;0;0;0;3.4444482;0;0;1.696512479;0;0;0;0;0;3;1;0;0;0;0;0;8;0;0;52;0;0
95;E_lit;Pichidangui;36.98;35.45;30.17;21.61;10.37;9.15;3.54;30.22;19.02;8.86;4.64;8;3;119;40;9;453;0;0;0;0.36165708;-0.077052234;0;0;0;0;0;-0.5048623;0;0;1.472221703;0;0;0;0;0;3;1;0;0;0;0;0;8;0;0;52;0;0
96;E_lit;Pichidangui;40.61;34.32;30.81;23.34;11.81;6.3;3.75;33.08;20.78;5.27;1.79;12;4;126;77;9;315;0;0;0;0.20044823;-0.057546171;0;0;0;0;0;-3.8421848;0;0;1.043637126;0;0;0;0;0;3;1;0;0;0;0;0;8;0;0;52;0;0
97;E_lit;Pichidangui;41.11;37.34;31.69;23.57;11.17;9.46;3.94;30.84;22.69;11.74;6.48;7;5;119;-27;-3;399;0;0;0;-0.36372435;-0.020078324;0;0;0;0;0;1.0120621;0;0;2.418449111;0;0;0;0;0;3;1;0;0;0;0;0;8;0;0;52;0;0
98;E_lit;Pichidangui;45.31;41.19;41.93;28.59;11.17;7.32;5.3;38.48;20.41;9.27;3.73;14;5;128;58;19;291;0;0;0;0.06878076;0.320396214;0;0;0;0;0;0.4006539;0;0;1.487345081;0;0;0;0;0;3;1;0;0;0;0;0;8;0;0;52;0;0
99;E_lit;Pichidangui;44.56;42.56;43.45;26.85;9.8;15.31;4.68;35.86;17.35;8.23;3.06;-1;5;120;-139;11;268;0;0;0;0.53810458;-0.046611636;0;0;0;0;0;-5.8056477;0;0;1.940794347;0;0;0;0;0;3;1;0;0;0;0;0;8;0;0;52;0;0
100;E_lit;Pichidangui;50.49;43.34;47.95;32.17;12.02;10.96;6.38;39.7;23.76;10.56;4.38;18;2;72;-108;-14;323;0;0;0;0.14412361;-0.160545278;0;0;0;0;0;-1.3753201;0;0;2.30421463;0;0;0;0;0;3;1;0;0;0;0;0;8;0;0;52;0;0
101;E_lit;Pichidangui;49.38;48.47;40.37;27.33;12.1;5.94;6.33;41.75;19.82;9.13;4.25;5;3;81;-15;-7;201;0;0;0;-0.14705907;-0.002285568;0;0;0;0;0;-5.7211999;0;0;1.552094776;0;0;0;0;0;3;1;0;0;0;0;0;8;0;0;52;0;0
102;E_lit;Pichidangui;49.98;40.14;62.78;31.41;12.9;7.41;4.25;40.37;23.57;7.83;4.61;6;3;51;-54;4;-147;0;0;0;-0.13445492;-0.130489657;0;0;0;0;0;-3.5787381;0;0;2.102829717;0;0;0;0;0;3;1;0;0;0;0;0;8;0;0;52;0;0
103;E_lit;Pichidangui;48.09;41.66;42.97;26.42;11.6;8.53;10.05;34.33;20.58;9.79;3.57;7;7;133;90;7;462;0;0;0;0.01987466;-0.07097299;0;0;0;0;0;-1.7322145;0;0;1.779086056;0;0;0;0;0;3;1;0;0;0;0;0;8;0;0;52;0;0
104;E_lit;Pichidangui;40.41;36.41;38.25;21.05;12.6;10.02;5.65;31.21;20.53;9.54;3.95;18;7;96;53;-9;477;0;0;0;0.38366393;0.032204275;0;0;0;0;0;1.8651704;0;0;2.132166515;0;0;0;0;0;3;1;0;0;0;0;0;8;0;0;52;0;0
105;E_lit;Pichidangui;43.65;41.64;36.18;24.18;13.8;11.83;4.61;36.77;18.56;9.33;4.47;12;5;128;102;0;156;0;0;0;-0.56794866;-0.100848501;0;0;0;0;0;-1.0184768;0;0;0.006542212;0;0;0;0;0;3;1;0;0;0;0;0;8;0;0;52;0;0
106;E_lit;Pichidangui;55.29;46.23;36.15;29.38;14.82;12.62;4.79;34.4;23.61;9.56;5.72;2;5;75;0;11;62;0;0;0;-0.45683629;-0.153898734;0;0;0;0;0;3.6871806;0;0;2.200712314;0;0;0;0;0;3;1;0;0;0;0;0;8;0;0;52;0;0
107;E_lit;Pichidangui;53.1;46.15;40.89;28.29;10.55;10.75;4.14;37.2;21.78;9.8;5.13;0;5;80;95;6;-223;0;0;0;-0.14005182;0.302961255;0;0;0;0;0;3.0354129;0;0;-0.046163955;0;0;0;0;0;3;1;0;0;0;0;0;8;0;0;52;0;0
108;E_lit;Pichidangui;49.14;47.56;44.1;25.57;9.94;7.7;7.38;37.37;17.3;12.2;4.43;-3;2;131;109;-16;163;0;0;0;-0.46956147;0.229224428;0;0;0;0;0;-4.0696033;0;0;0.941024837;0;0;0;0;0;3;1;0;0;0;0;0;8;0;0;52;0;0
109;E_lit;Pichidangui;45.07;43.79;43.84;25.88;10.36;11.9;5.91;31.89;17.24;11.19;4.13;0;3;79;-120;-2;19;0;0;0;0.05460434;0.092648496;0;0;0;0;0;-0.6985118;0;0;1.482161915;0;0;0;0;0;3;1;0;0;0;0;0;8;0;0;52;0;0
110;E_lit;Pichidangui;47.26;44.89;30.16;24.64;10.33;11.99;5.96;36.24;21.08;13.94;6.9;2;2;117;-105;-15;-26;0;0;0;0.42418062;-0.052869692;0;0;0;0;0;2.5118004;0;0;0.059478874;0;0;0;0;0;3;1;0;0;0;0;0;8;0;0;52;0;0
111;E_lit;Pichidangui;45.05;32.63;28.53;21.28;11.17;10.11;3.93;27.79;15.42;8.6;4.74;1;3;45;-46;28;295;0;0;0;-0.11002154;0.005762118;0;0;0;0;0;-1.1347833;0;0;2.535909829;0;0;0;0;0;3;1;0;0;0;0;0;8;0;0;52;0;0
112;E_lit;Pichidangui;38.86;34.4;30.43;22.41;11.37;10.11;5.11;30;17.81;8.88;3.59;5;5;131;104;-8;-64;0;0;0;0.29098989;0.10260928;0;0;0;0;0;3.2667192;0;0;1.875235996;0;0;0;0;0;3;1;0;0;0;0;0;8;0;0;52;0;0
113;E_lit;Pichidangui;41.25;35.58;29.23;25.59;11.16;9.64;5.34;31;20.09;9.2;3.11;2;7;43;-137;-5;164;0;0;0;-0.20499453;0.154205243;0;0;0;0;0;-3.7505248;0;0;1.308584962;0;0;0;0;0;3;1;0;0;0;0;0;8;0;0;52;0;0
114;E_lit;Pichidangui;37.04;34.15;24.59;18.28;10.5;9.64;2.82;28.14;17.19;4.38;3.29;7;7;80;65;28;-177;0;0;0;0.28003597;0.055782136;0;0;0;0;0;1.1850187;0;0;1.665698051;0;0;0;0;0;3;1;0;0;0;0;0;8;0;0;52;0;0
115;E_lit;Pichidangui;33.41;31.21;27.83;20.67;10.55;10.39;4.61;26.23;15.28;7.48;1.9;17;7;25;71;-11;431;0;0;0;-0.16499284;0.229901726;0;0;0;0;0;7.2127245;0;0;0.773045533;0;0;0;0;0;3;1;0;0;0;0;0;8;0;0;52;0;0
116;E_lit;Pichidangui;34.82;36.63;36.19;21.38;15.49;11.8;3.4;33.05;17.48;10.12;5.12;8;5;104;11;30;282;0;0;0;0.29318738;-0.048455318;0;0;0;0;0;-0.4768058;0;0;1.400811028;0;0;0;0;0;3;1;0;0;0;0;0;8;0;0;52;0;0
117;E_lit;Pichidangui;38.51;35.12;31.2;19.85;12.61;10.48;4.7;29.89;20.33;6.92;2.78;18;2;119;2;-8;250;0;0;0;0.63021172;0.330908714;0;0;0;0;0;3.3247243;0;0;2.113469986;0;0;0;0;0;3;1;0;0;0;0;0;8;0;0;52;0;0
118;E_lit;Pichidangui;40;33.5;31.29;25.77;11.61;10.67;3.73;27.97;16.61;4.7;2.13;7;7;61;-88;-2;158;0;0;0;-0.4533472;-0.024672138;0;0;0;0;0;3.9001191;0;0;2.590222782;0;0;0;0;0;3;1;0;0;0;0;0;8;0;0;52;0;0
119;E_lit;Pichidangui;35.26;33.19;26.49;21.48;10.69;7.76;3.83;32.56;17.19;5.59;2.28;6;5;17;161;-6;220;0;0;0;0.45134935;0.338090834;0;0;0;0;0;3.598321;0;0;1.986946231;0;0;0;0;0;3;1;0;0;0;0;0;8;0;0;52;0;0
120;E_lit;Pichidangui;39.26;36.6;22.62;21.52;11.16;7.12;2.89;31.21;21.87;5.83;2.75;3;2;46;39;13;-33;0;0;0;0.02790546;0.080488082;0;0;0;0;0;0.5630978;0;0;1.530043275;0;0;0;0;0;3;1;0;0;0;0;0;8;0;0;52;0;0
121;E_lit;Pichidangui;40.23;34.45;32.03;24.11;9.56;10.32;4.43;33.25;18.66;6.09;3.13;16;3;125;79;-11;362;0;0;0;0.06276335;-0.119835396;0;0;0;0;0;2.058601;0;0;2.253604847;0;0;0;0;0;3;1;0;0;0;0;0;8;0;0;52;0;0
122;E_lit;Pichidangui;29.99;28.05;22.38;18.91;11.83;7.66;1.97;21.25;14.3;3.85;1.88;10;4;134;-130;11;489;0;0;0;0.5424042;-0.120701801;0;0;0;0;0;-4.8970643;0;0;1.949067567;0;0;0;0;0;3;1;0;0;0;0;0;8;0;0;52;0;0
123;E_lit;Pichidangui;43.02;38.08;37;24.25;10.06;9.33;4.22;34.22;20.8;7.64;3.81;12;6;20;65;12;-81;0;0;0;0.3755684;0.058462902;0;0;0;0;0;0.1512801;0;0;2.725562792;0;0;0;0;0;3;1;0;0;0;0;0;8;0;0;52;0;0
124;E_lit;Pichidangui;41.39;35.14;32.14;26.88;11.65;8.77;3.91;28.16;18.23;8.41;3.81;18;6;49;78;3;-9;0;0;0;0.38188047;0.212031101;0;0;0;0;0;-1.6024687;0;0;1.477996532;0;0;0;0;0;3;1;0;0;0;0;0;8;0;0;52;0;0
125;E_lit;Pichidangui;40.93;40.01;30.05;23.18;15.01;9.21;3.4;33.04;23.5;5.99;2.8;3;3;65;-153;14;107;0;0;0;0.35418309;0.077948207;0;0;0;0;0;-1.2734509;0;0;1.92906207;0;0;0;0;0;3;1;0;0;0;0;0;8;0;0;52;0;0
